t,logret_pct,split
0,-1.677856722950656,train
1,-3.396507291528142,train
2,-4.323622702871497,train
3,-3.322182515450378,train
4,2.1538975536851366,train
5,2.617794771188221,train
6,0.2966597987469297,train
7,-2.0117115454192134,train
8,-0.6446228989283175,train
9,1.2457448396332271,train
10,-2.141574178892214,train
11,-4.428446493179295,train
12,-3.89596062101222,train
13,-5.714654181195148,train
14,-3.834640705519407,train
15,3.0910447344612435,train
16,2.774501563214215,train
17,2.599428119914241,train
18,0.38451186230991186,train
19,-0.5194221313409132,train
20,-0.6728957659109963,train
21,-1.410339972559,train
22,-0.6114800727663807,train
23,-0.13351702853455258,train
24,0.050258091535913686,train
25,-1.0049857006414924,train
26,1.632144793264247,train
27,2.0954279685745405,train
28,1.7510800280013468,train
29,2.3565553990482906,train
30,0.926808974286289,train
31,-0.2990784202446871,train
32,0.08125331999783326,train
33,2.5479150250580704,train
34,2.9638115375295127,train
35,-1.3107579907237918,train
36,-0.9478075075532161,train
37,-1.385264960700959,train
38,0.06073838542837542,train
39,0.4714227511347489,train
40,1.2136151059229467,train
41,-1.572828021500131,train
42,-0.559428532495167,train
43,0.07026728968396745,train
44,-0.44997685078242033,train
45,-1.4957223772890413,train
46,-1.5064583777925544,train
47,0.1634184904586154,train
48,-0.11204857643859871,train
49,0.06581171603448453,train
50,0.00784654292924975,train
51,-2.0884841681649937,train
52,-1.190721180116708,train
53,0.6785023277487703,train
54,0.16987708786760575,train
55,1.0133545053061759,train
56,0.2689923555806534,train
57,0.7570766556155458,train
58,0.6841314440693412,train
59,1.631930261551615,train
60,1.3952137489646503,train
61,1.9302627583408696,train
62,1.0432899215285536,train
63,-0.1383615008992659,train
64,1.1441213159351435,train
65,0.6758340518785407,train
66,-0.3616209717430124,train
67,0.9838435787237646,train
68,1.1202354336945062,train
69,1.6863569935798746,train
70,3.5636247939832937,train
71,1.54549624873898,train
72,0.5579090403503336,train
73,3.32275125957061,train
74,3.0938135223355987,train
75,1.7110981963832779,train
76,1.0917019330844053,train
77,0.9837270740226673,train
78,1.0418715918772279,train
79,0.30271645361965616,train
80,0.49153856786897004,train
81,-0.5788160298419167,train
82,-1.1448370180096514,train
83,-2.236105065458772,train
84,-1.3365989339192232,train
85,-0.2803863239202495,train
86,-0.9055145183921665,train
87,-0.5980485391957702,train
88,0.3399843658637277,train
89,-0.06536669216163912,train
90,-0.45098075934333254,train
91,0.9362041981940322,train
92,1.7721380372496736,train
93,-0.005177830456702866,train
94,-0.4187100247796183,train
95,-0.7060409352764774,train
96,0.7613714818364843,train
97,0.30293011993945,train
98,2.318326925005089,train
99,1.4517437645368623,train
100,1.795951791756865,train
101,0.06107242379039402,train
102,0.5512274869043813,train
103,-0.47916506833696404,train
104,0.8568447421970925,train
105,0.050360233116023986,train
106,-1.2529378722673683,train
107,-1.9147842727806892,train
108,-2.7071611835979454,train
109,-2.765861323313545,train
110,2.4531102037466024,train
111,2.5380052494004106,train
112,0.9936379992364328,train
113,0.27680985733186825,train
114,-0.03216121506791926,train
115,0.15872552038455154,train
116,-1.0574977907514787,train
117,-2.0004801177566622,train
118,-0.6912244629008232,train
119,1.0677481210209596,train
120,4.325588136852732,train
121,4.501212745554983,train
122,2.896732254255234,train
123,1.502868943078876,train
124,-0.2892325400591436,train
125,-0.0864459154425468,train
126,0.46347201251453324,train
127,0.24717214769336737,train
128,0.23050146857205292,train
129,2.3742278392268763,train
130,1.7185792428587574,train
131,0.9111194209500987,train
132,-0.2111512458951171,train
133,0.1673332253530163,train
134,0.23591298073587547,train
135,0.685864077432457,train
136,0.5779016577387452,train
137,0.747268383171041,train
138,-1.5605604412756051,train
139,1.0445354775722275,train
140,0.320403662267236,train
141,0.6113694961612599,train
142,0.18836720153121825,train
143,0.22612836037648737,train
144,0.42357893946697606,train
145,2.2025382305746155,train
146,1.5969243149852246,train
147,-1.085799778117498,train
148,-2.5010044036890107,train
149,0.8258146876866912,train
150,1.9253245459569202,train
151,-0.4462418300913939,train
152,0.6664853994159426,train
153,0.40500627774873244,train
154,-3.127405840095207,train
155,-3.3333998840895678,train
156,-2.0483486453240976,train
157,-1.5361842876787979,train
158,-2.086977765306458,train
159,0.27721859253175124,train
160,1.305745943578539,train
161,1.2921804556843632,train
162,0.7406166856025475,train
163,1.000463788812216,train
164,-1.1632852873061987,train
165,0.42040028043744004,train
166,0.11086614818386153,train
167,-1.2618248078688434,train
168,-3.126345979882345,train
169,-2.119814758584645,train
170,-1.7995791839312516,train
171,-0.34701506214759253,train
172,0.0833443689807874,train
173,0.7983036216608992,train
174,-0.3022278718740367,train
175,-1.5740064016303397,train
176,-0.16520699143263481,train
177,-0.7454861952438634,train
178,-0.8876454374222575,train
179,0.10584891896245001,train
180,0.2232664042003695,train
181,0.4072607983436383,train
182,-2.000224413154204,train
183,-0.5072572786070461,train
184,-1.436830596237662,train
185,-0.9870398341267665,train
186,0.34507572987349355,train
187,-2.3160986182277465,train
188,-2.3790221819989665,train
189,-0.2746291360139192,train
190,-1.3699633062721774,train
191,-3.271621996663517,train
192,-0.4728950271990875,train
193,0.10828557745208867,train
194,-0.5618753381441177,train
195,0.42915311470362105,train
196,-1.1341643447708376,train
197,-0.1784955963264888,train
198,0.45820137574426756,train
199,-0.6122118767077172,train
200,-0.7313569907203958,train
201,-1.849283824308064,train
202,-1.5227405777007823,train
203,-1.0355276518192342,train
204,-1.352780642266562,train
205,-0.45877679461678417,train
206,-1.5961053300988797,train
207,-1.8436292948500557,train
208,-2.0443657841717084,train
209,-1.220569259230655,train
210,-1.6001870301262933,train
211,-4.752236905465667,train
212,-4.018803169438234,train
213,-1.8682227113591126,train
214,0.2117683020093971,train
215,-0.7588988864403129,train
216,-1.0624051869604658,train
217,0.4893741200318374,train
218,-0.19787175995266648,train
219,0.6685353786740821,train
220,1.2257531080150794,train
221,1.9397600271983617,train
222,0.7979215368044378,train
223,0.8170592370206478,train
224,-0.12339575829439114,train
225,2.131528829603984,train
226,2.5453226554690755,train
227,3.3654039975103354,train
228,1.5785547616338151,train
229,1.2206163879789118,train
230,1.595780892274261,train
231,0.672773473700826,train
232,-2.1890974622389408,train
233,0.7740443115974508,train
234,2.177840145568307,train
235,-0.08261063336709663,train
236,-1.950880167215928,train
237,-0.8021924738268934,train
238,-0.9860023751584491,train
239,-2.2212117736715085,train
240,-2.509620135304662,train
241,-0.7159693286881611,train
242,1.278551677830997,train
243,1.6378393228282633,train
244,3.607682726229807,train
245,3.793467865585919,train
246,1.3514971436868137,train
247,1.3851236705763568,train
248,0.06798251012848996,train
249,-0.6066669439962891,train
250,-0.30374297012345886,train
251,0.20450050920440252,train
252,0.9974047032251073,train
253,0.7660016806114879,train
254,-0.8537456500408334,train
255,-4.618606268353138,train
256,-4.069762758114841,train
257,-2.9500600669762505,train
258,-1.2829074963383587,train
259,-0.002332839255441754,train
260,1.3026914174970963,train
261,0.4176610759483049,train
262,-1.1903778571847103,train
263,-0.38856446253511245,train
264,0.6868894389770106,train
265,0.5222141584528972,train
266,-0.07956041490920247,train
267,-0.7246454468172496,train
268,0.22286760087627586,train
269,1.200849468989082,train
270,1.16885308032053,train
271,0.08465128320386484,train
272,1.4235380597396865,train
273,0.5351757020506205,train
274,0.1860650630540905,train
275,0.6995571998679704,train
276,1.7579412547380355,train
277,2.537907778353143,train
278,0.05959746878442142,train
279,-0.5549878531730892,train
280,-1.4892775609470847,train
281,0.31935833960446836,train
282,1.286795497930736,train
283,2.923615707494789,train
284,1.672666589728767,train
285,0.7139950219483945,train
286,1.3387257464274471,train
287,0.39489625984114335,train
288,-0.5457587377865659,train
289,-2.818900287723906,train
290,-3.3347714302748326,train
291,-1.80619787688406,train
292,-1.2522921025206424,train
293,-0.7284137133850161,train
294,-1.2603119848854478,train
295,-1.3360613939928847,train
296,0.568543953243397,train
297,0.21561988021586023,train
298,-0.4102902488161672,train
299,-0.6007438436807264,train
300,1.599937701565029,train
301,0.875333200875309,train
302,0.20199052891340372,train
303,2.424140838758684,train
304,2.6543128741616435,train
305,0.0985932643520193,train
306,2.621972462727199,train
307,0.8147662734306033,train
308,1.2465627841470757,train
309,0.12397257662068609,train
310,-2.284899444210216,train
311,-3.4748171243480455,train
312,-3.1649006972359404,train
313,-0.2892363103123788,train
314,-0.03585280349964603,train
315,2.385366027708382,train
316,-0.2802267607222431,train
317,2.249049581169286,train
318,1.3332011993573998,train
319,0.4956743739030585,train
320,0.2987430857256147,train
321,0.20277537186449093,train
322,0.6300354811235556,train
323,0.5340755286965272,train
324,0.0842642469550031,train
325,-3.0987507824126492,train
326,-4.125026085667134,train
327,-0.7347283037095125,train
328,-0.31740958495178556,train
329,-0.49534375994570956,train
330,0.6721796564660909,train
331,1.0720011892112933,train
332,1.4740267636567754,train
333,4.998541278646965,train
334,5.002967864342349,train
335,1.6412721124583738,train
336,2.0994920382739206,train
337,0.43553702638073805,train
338,0.07600192895919143,train
339,-0.7138700637035218,train
340,-1.8527232245263543,train
341,-2.027343336193721,train
342,-1.4315675461342767,train
343,-0.7487080907976393,train
344,-1.4816581587214324,train
345,-0.6486759741553757,train
346,-0.4889703762754022,train
347,0.4274058749172308,train
348,0.4305295960588824,train
349,-0.229718608833072,train
350,-0.22341810617254815,train
351,0.1103111687147827,train
352,-0.599818480321443,train
353,-0.04600390998731052,train
354,2.9444038109764246,train
355,2.7090077408163875,train
356,2.807467776198551,train
357,2.346852421530185,train
358,1.1995314868845948,train
359,1.2964804861408226,train
360,-0.3755652655225721,train
361,0.8436257112340538,train
362,1.21091734680558,train
363,0.36848833662783415,train
364,-1.5862118631853221,train
365,-3.0400324833531953,train
366,-0.007268302032884308,train
367,2.595938787606015,train
368,1.8921075472292457,train
369,1.3019636742757648,train
370,1.4416028143475514,train
371,-0.9648541692053682,train
372,-1.6568670787048827,train
373,0.392649233147536,train
374,0.2700162257069265,train
375,-1.0222198174595611,train
376,-0.636734309029982,train
377,-1.1298628325081046,train
378,0.06461821278103014,train
379,0.6534221148323988,train
380,-0.5570901947494544,train
381,0.8154480449743061,train
382,2.650097526890553,train
383,0.6458879403060248,train
384,-0.1774812044548531,train
385,3.3433064478004626,train
386,2.155954130121598,train
387,1.490334691440549,train
388,2.1360139908023634,train
389,0.12151058501967432,train
390,-0.7774146755737654,train
391,-3.726372581320946,train
392,-2.7783917887989102,train
393,-0.24466181971035716,train
394,-0.7291297433949537,train
395,-0.7900903734399213,train
396,-1.4644496996909093,train
397,1.0552072650373965,train
398,1.41489166711731,train
399,0.1420074180048669,train
400,1.6877805270640773,train
401,5.286655786649463,train
402,3.186135653102462,train
403,3.7710790773251643,train
404,1.0371013323056728,train
405,0.8017663205666594,train
406,1.9404829961075085,train
407,2.0531866318266,train
408,2.2853327260262524,train
409,-2.2483007411098423,train
410,-3.179381901478784,train
411,-1.901219712329539,train
412,-1.3140897839427153,train
413,-4.031359802246766,train
414,-3.6451742635042224,train
415,-2.577077106133008,train
416,-7.337384876953296,train
417,-13.250182543162131,train
418,-5.021431682142776,train
419,0.24061308227407366,train
420,-5.279345578783269,train
421,-6.935787661435361,train
422,-8.69347394606047,train
423,-6.510487407757138,train
424,-7.8706062150364176,train
425,-7.934409046738397,train
426,-6.573417442475579,train
427,-6.405547101441436,train
428,-2.934767463603465,train
429,-1.081445329385808,train
430,-4.19871137314334,train
431,-1.1239860833661015,train
432,-2.2098438096047524,train
433,-3.1987966635158007,train
434,-3.613148564331331,train
435,-0.3417348115645832,train
436,-2.2022609948704144,train
437,-3.3239318266176805,train
438,-1.719520332998619,train
439,-0.4386643286229709,train
440,-0.35443243029167615,train
441,-1.041106694330562,train
442,0.9975340526285449,train
443,0.8552160151611914,train
444,-0.1433422340823307,train
445,-0.5586838664084459,train
446,-0.5765088915571958,train
447,0.5021503182541308,train
448,1.258581974772895,train
449,0.08670020573620832,train
450,0.09328032410007228,train
451,-2.908137660718204,train
452,-3.4912936750880057,train
453,-3.0284104221849897,train
454,-5.525474663325968,train
455,0.19711748757238867,train
456,3.8005915782408626,train
457,1.5064320262928528,train
458,0.37609298856355133,train
459,0.6366579266867474,train
460,1.129148148341458,train
461,1.0815610457646145,train
462,-1.2192581877315967,train
463,-4.991128470431754,train
464,-5.575148061166087,train
465,-1.7156585199663306,train
466,0.7720790911183786,train
467,-0.37193437259459056,train
468,0.6921124471399474,train
469,2.827638154017592,train
470,0.21359291789217258,train
471,1.4500886484999187,train
472,1.140772996527506,train
473,1.2318323827476618,train
474,0.3599175111667702,train
475,2.409004280733331,train
476,1.0288531697565286,train
477,1.2967304803839965,train
478,-1.581685389444177,train
479,-1.82815248276148,train
480,-1.0153516940782363,train
481,1.4154838097035414,train
482,1.8081012665505911,train
483,0.8384429159621428,train
484,0.11589596435716068,train
485,-0.5354667058628605,train
486,-1.5167973375982837,train
487,-0.5410742449071922,train
488,0.5538924617521453,train
489,0.06940338148943417,train
490,-1.23375101052407,train
491,-2.6638373030803533,train
492,-2.605894796986073,train
493,-1.434452523704505,train
494,0.7862372000286136,train
495,-0.3903807408147481,train
496,-0.5712314035362318,train
497,-1.942011509486137,train
498,-3.2739495293144154,train
499,-1.9309339079527224,train
500,-0.6807694968286243,train
501,-2.537003233732057,train
502,-3.854228664753508,train
503,-1.8459495373928232,train
504,-0.8322528426237016,train
505,1.5286876482443392,train
506,0.012676008793438569,train
507,-1.6232317952690218,train
508,-4.173742588619528,train
509,0.8421602383413406,train
510,0.33963737397699506,train
511,1.5163242863941933,train
512,1.708248869766222,train
513,3.4433986617331853,train
514,-0.11435078952605836,train
515,-1.8761421803651102,train
516,0.2251293919828148,train
517,0.00903845753913678,train
518,-5.268139199792334,train
519,-3.602390848939127,train
520,-5.894724455541677,train
521,-2.389896084689635,train
522,3.6797955448215918,train
523,-3.271961112191447,train
524,-3.5649973998350832,train
525,-2.4305799136474913,train
526,-2.4610766620816933,train
527,-0.5104700960030444,train
528,4.681593492278225,train
529,-0.7280798931008432,train
530,-1.8524513404712644,train
531,4.153101772756662,train
532,4.212740419743927,train
533,3.530906239312655,train
534,2.209728526250767,train
535,-2.4300829010599996,train
536,-3.081993726638115,train
537,-6.090041558327516,train
538,-5.943618429637704,train
539,-1.2678169152359944,train
540,-3.2375982593726453,train
541,-1.732615549457343,train
542,-0.9745948887250064,train
543,-1.1737892939829242,train
544,0.2859376528240325,train
545,6.154975470391093,train
546,8.171698000690869,train
547,7.10602611089492,train
548,5.805355734137824,train
549,3.0599776815425894,train
550,0.5988804555028221,train
551,-0.017057139346157445,train
552,-3.0382272602303217,train
553,-0.41438962158258,train
554,2.4799313262862674,train
555,1.3516844854608838,train
556,0.10002633298085586,train
557,-0.1896083864423451,train
558,-0.4004035312469596,train
559,-0.18586367176808366,train
560,-2.8350442575094994,train
561,-3.519354594504662,train
562,-3.252617420850062,train
563,-3.9692401086870577,train
564,-2.086763660561323,train
565,-0.05118570166004062,train
566,1.797726443982943,train
567,0.999929507173165,train
568,-2.0638953785752703,train
569,0.6757393812945194,train
570,0.7878932465767892,train
571,0.035655346147261124,train
572,1.227947447825426,train
573,-1.353021014520538,train
574,-3.9611366593586843,train
575,-2.0625425641154864,train
576,-2.332042768401481,train
577,-4.337251620329324,train
578,-1.1207473971352033,train
579,-0.8202953612878509,train
580,-2.695232501219459,train
581,-0.6422127150122692,train
582,-2.2224425198202336,train
583,-4.159041027570906,train
584,-5.074336078236191,train
585,-6.38512019683539,train
586,-5.281945026844457,train
587,-2.710978917537391,train
588,-2.583644458953975,train
589,-5.587547466942967,train
590,-6.874744159712495,train
591,-4.676935154568349,train
592,0.6051216240780201,train
593,0.8409979896055908,train
594,-1.8735847639069299,train
595,-1.6281301131895958,train
596,-3.67078459300729,train
597,-4.344474456103284,train
598,-2.6321078361798698,train
599,1.5983923685441306,train
600,2.213300024490867,train
601,3.1481633504948823,train
602,3.055971165009239,train
603,-1.6649827017726377,train
604,-4.449460851611852,train
605,0.7009412957672864,train
606,3.28298947195661,train
607,2.7803037706120564,train
608,-0.21280335211359686,train
609,-0.4961910571041458,train
610,-4.685763049359787,train
611,-2.9545717200400485,train
612,2.2198714377198074,train
613,1.322471220301303,train
614,-5.515431364453704,train
615,-5.252289193822477,train
616,-3.4648568739418883,train
617,-2.4506669120507576,train
618,-0.25928773426877266,train
619,-0.9328411082329942,train
620,-1.5353967796870351,train
621,-0.662047410707252,train
622,2.351404775191612,train
623,2.0170036680640617,train
624,2.1302438152917,train
625,1.7885196704737563,train
626,-0.9429328647698221,train
627,-1.7095085228534326,train
628,-1.476333795694852,train
629,0.06915847318854383,train
630,0.07238790379013091,train
631,-0.5720342766272822,train
632,0.9655466194290807,train
633,0.7628830276934294,train
634,4.220897850926618,train
635,4.435920794541167,train
636,2.3466951165448955,train
637,2.070620033007541,train
638,2.097884229944425,train
639,0.11366395130800594,train
640,-0.11508119709153802,train
641,-0.12107623445450973,train
642,-0.6673445373792697,train
643,-0.07444110393025273,train
644,1.0581201177157746,train
645,1.6232476082758611,train
646,1.341374608976638,train
647,0.35456983628474215,train
648,-0.7711130496793499,train
649,-0.6391189059522501,train
650,-0.2807795301177504,train
651,0.9389742973847766,train
652,-1.572278762533931,train
653,-1.6777848216674072,train
654,-1.987366873577038,train
655,-1.9352916401009752,train
656,0.18865915646877415,train
657,-0.8605798533737505,train
658,1.0895627354694029,train
659,-0.09127748456167149,train
660,-0.4579939718595804,train
661,-2.4622986418907806,train
662,-2.0971215286757574,train
663,0.4396574232918271,train
664,1.4695640740967337,train
665,2.1296606330639727,train
666,2.14270470804342,train
667,1.0940819438632186,train
668,0.6066961290550417,train
669,-0.1482359591076765,train
670,-0.8696277984070488,train
671,0.052536262170755126,train
672,1.4234134193536814,train
673,1.6467445124553066,train
674,0.4909525004035741,train
675,0.5784780634212439,train
676,0.5181033867599202,train
677,-0.5767269452375258,train
678,-0.8013864225194465,train
679,0.14982089829938475,train
680,0.31850483289763487,train
681,-0.24571045653073517,train
682,-0.39946767172763736,train
683,-0.05244581406906141,train
684,-0.49447561385896055,train
685,0.7342892225903175,train
686,1.1638361438197717,train
687,1.2621654998466756,train
688,1.3813819603081372,train
689,1.5686375893186961,train
690,0.5305786539037342,train
691,1.130830826237461,train
692,0.7210006795272476,train
693,0.28109747821510994,train
694,0.7026512963637137,train
695,-0.3558306368128496,train
696,-0.20678043570826954,train
697,1.0173739226864813,train
698,0.5194975833030389,train
699,-0.6286860334347946,train
700,1.0635836957318476,train
701,1.1469432864542306,train
702,0.3865876302418077,train
703,-0.026371818870080322,train
704,2.7866350771557844,train
705,2.9888774144989134,train
706,3.0205516345930232,train
707,1.1920404199643002,train
708,0.5387915078404498,train
709,1.2485776321204036,train
710,1.1142209878076617,train
711,1.640795871843196,train
712,0.5081182484508222,train
713,-0.14767295893508028,train
714,1.4162515834690494,train
715,0.2545519526199058,train
716,-0.8298232267918128,train
717,1.1065047650007023,train
718,0.36181568026597716,train
719,0.44281742256075207,train
720,-1.048717244578154,train
721,-1.8905534975291545,train
722,-1.1053054238000959,train
723,-1.0453286225116047,train
724,-1.2332513179807147,train
725,0.0022850209553422606,train
726,2.2372155873435338,train
727,2.8395980183780263,train
728,1.099306334404928,train
729,-0.3575352666875226,train
730,-1.4662778234875868,train
731,0.17132264464907726,train
732,1.2420739968185883,train
733,2.122189289307067,train
734,0.7030244634167053,train
735,0.48823012772161295,train
736,1.5687630862064257,train
737,0.7201367541827347,train
738,-0.2687664491601857,train
739,-2.209337923303481,train
740,-1.3764967912283539,train
741,0.19047019463836146,train
742,0.10840701727022163,train
743,1.5115637440356025,train
744,0.45601459085150825,train
745,0.37513249493107154,train
746,1.1386867068842728,train
747,0.906910944076862,train
748,1.654578258728746,train
749,2.0350997208287045,train
750,0.978727710460388,train
751,0.4312176233789101,train
752,-2.214069999793721,train
753,-1.5800031661290599,train
754,1.8710981671860816,train
755,1.5737189309144133,train
756,0.8050310526490533,train
757,3.924745009704093,train
758,2.0374782578627832,train
759,0.6330810981825219,train
760,-0.4396154008587448,train
761,-0.7361594089610074,train
762,-0.780317684994322,train
763,2.00894521512181,train
764,2.7403435486771115,train
765,1.8660900380466658,train
766,1.7277143120910017,train
767,1.202453838752449,train
768,0.8091410012207275,train
769,1.0024792572859118,train
770,1.8050749404957445,train
771,1.2137914712479576,train
772,-0.11307161800223216,train
773,0.7802973465897574,train
774,2.264146209977199,train
775,3.6979943288873196,train
776,2.732177831779211,train
777,1.8373350686447691,train
778,2.507681573147081,train
779,1.3666031318138099,train
780,0.6757071021109832,train
781,0.037493524014604665,train
782,-0.5318356574800607,train
783,-2.340087017549426,train
784,-2.9720859980345153,train
785,-0.9584989298182307,train
786,-0.4725825235888141,train
787,0.46878820482406725,train
788,0.8023263067714899,train
789,1.0279713300468258,train
790,-0.08533588584539983,train
791,-0.43337329880619974,train
792,1.1301269218890533,train
793,0.3132145865808891,train
794,0.9011469986369847,train
795,-0.29186340062555494,train
796,2.230136221711124,train
797,1.6899507628808679,train
798,1.2396550564171807,train
799,-0.14689888431717543,train
800,0.5854490663381253,train
801,0.6111551473582754,train
802,-0.8465427326516065,train
803,-2.384954369068527,train
804,0.6000889000505178,train
805,0.050557021475577044,train
806,-0.8069662102535041,train
807,-2.328419437530558,train
808,-2.240735954015327,train
809,-0.004954670231890842,train
810,-0.2333457979542475,train
811,-1.9252334683564707,train
812,-0.17655798092962777,train
813,-0.2865115856299749,train
814,-0.9633600066557575,train
815,-1.4610917330323547,train
816,-0.1370261439575703,train
817,1.2462982866735524,train
818,-2.547499196400361,train
819,-1.6767821315626916,train
820,1.4386776844833558,train
821,0.15108598877946547,train
822,-1.0405958852532677,train
823,-4.257488134397793,train
824,-4.098898963171166,train
825,-1.2944319102849857,train
826,-2.547845501346316,train
827,-0.9062979066050253,train
828,-0.623052955085337,train
829,-1.8589667171349074,train
830,0.45245202721869604,train
831,-0.8425194422175668,train
832,-1.0763566599969552,train
833,-0.5527840187199184,train
834,0.6408212271935486,train
835,-0.3917098022056662,train
836,-0.47132362956883417,train
837,-0.7131294357833653,train
838,-1.1409830836081694,train
839,3.2062900174842466,train
840,4.513474612020967,train
841,4.479723013186741,train
842,-0.48948934244384984,train
843,-1.6677766739873232,train
844,-1.3723106427688934,train
845,-1.2783721375125865,train
846,0.2484839152655883,train
847,0.29689965825360215,train
848,1.3244878592500458,train
849,1.2907463106537616,train
850,0.6914167852743149,train
851,-1.048430677649645,train
852,-0.2912103419025943,train
853,-0.457585452204848,train
854,-0.41637970950337067,train
855,-0.8122080809937574,train
856,-0.2741034747612563,train
857,0.29544668836886384,train
858,0.7772875316315805,train
859,-0.4098153878936327,train
860,1.044367376008604,train
861,2.0331673123756935,train
862,4.350746777255493,train
863,5.76920645837932,train
864,3.6472799684215267,train
865,2.271053923683406,train
866,0.6912377788266248,train
867,-1.3713283760714492,train
868,-1.126018923290032,train
869,-0.8817384437335368,train
870,0.17146995961622258,train
871,-0.8941823631721811,train
872,-0.5311410128204271,train
873,-1.2880834885981802,train
874,-2.0561621617715455,train
875,-0.5638926344795961,train
876,-2.462362501418044,train
877,-4.8386857592888735,train
878,-4.366501339823079,train
879,-1.4086613862009147,train
880,-0.4971923576393043,train
881,-0.9860784528157991,train
882,0.6711248018659346,train
883,1.2702638730628082,train
884,1.323618605026247,train
885,3.7956882377635344,train
886,2.367729583277726,train
887,-1.6174858808758823,train
888,-3.709571407624602,train
889,-1.2746859358180354,train
890,-1.443014347851523,train
891,-0.9267047730690136,train
892,-0.41504906541942344,train
893,-0.013888564378990689,train
894,-2.1403556312901295,train
895,-1.4945850734321162,train
896,1.8274774180165896,train
897,1.8761629173748042,train
898,1.0390869082728453,train
899,0.5211998604074942,train
900,-0.18031210052099167,train
901,-2.2876278066420346,train
902,-1.7300806049195163,train
903,-0.47924587833545584,train
904,-0.6844590744172048,train
905,-0.6629890827818208,train
906,-0.5999637842201981,train
907,0.42089973896130023,train
908,0.6087257262643883,train
909,-0.4576972130837838,train
910,-1.8218929194672027,train
911,-1.7225489335587132,train
912,-0.7181048355453425,train
913,0.568788680773299,train
914,0.8751229050741457,train
915,0.3622065470930981,train
916,0.6514492813403634,train
917,-0.13666558168044335,train
918,0.15903297261103455,train
919,0.8761792783814538,train
920,1.5029870133086183,train
921,0.6149193138609708,train
922,0.7967447104772062,train
923,1.275950641667937,train
924,0.595877085522225,train
925,0.1151227097895918,train
926,-0.2902692876025036,train
927,-0.23856897209324213,train
928,0.6105779770577514,train
929,-2.3458402784105146,train
930,1.170650283834568,train
931,3.4016294982233966,train
932,3.8047837171941503,train
933,3.1824107790278187,train
934,1.1904302881902198,train
935,3.1865442639483934,train
936,1.815352907053926,train
937,0.14017111418752767,train
938,-0.7888294912316599,train
939,0.15075088011225843,train
940,0.2059691287781467,train
941,-2.2163832555306158,train
942,-1.464236456144488,train
943,-2.402656513599385,train
944,-0.7369664536951726,train
945,-0.4791617731225131,train
946,-1.7747711187733148,train
947,-0.5171813810080262,train
948,-1.6691278142103618,train
949,-1.6883820531935605,train
950,-3.3857077566861378,train
951,-2.0099474882822097,train
952,-0.9484716474326157,train
953,0.9574134821965915,train
954,0.6654234797839127,train
955,-2.3770078757272812,train
956,-2.741059926384761,train
957,-2.84500313486276,train
958,-4.576464259325951,train
959,-4.796727037962969,train
960,-2.7199964475073073,train
961,-0.1445103233472259,train
962,-0.7345264098263791,train
963,-1.5192768995833632,train
964,-1.5077619811309362,train
965,1.0360412901101714,train
966,-3.0041545259388682,train
967,0.9028446237858345,train
968,2.852759022457636,train
969,1.1072440183436223,train
970,2.050146126333727,train
971,-0.2201035731498408,train
972,1.3291566921729525,train
973,1.4751062883669588,train
974,-1.2694676215194722,train
975,-1.7992846790417283,train
976,1.1762047816687649,train
977,0.14765433334592237,train
978,-0.056486532367361154,train
979,1.0518529072236484,train
980,1.7546642615843433,train
981,2.365713151412531,train
982,0.3230429526930144,train
983,1.3032371492682286,train
984,2.456257593709276,train
985,1.7742645146568874,train
986,1.4833347524298015,train
987,1.0392140084124069,train
988,0.5472538938008216,train
989,0.3136503430446839,train
990,1.065768212693621,train
991,-0.14563216624132447,train
992,-1.1531601968978005,train
993,-4.348178172521957,train
994,-4.16540091682819,train
995,-1.762073823192015,train
996,-1.1345941020416834,train
997,0.37089761037493857,train
998,-0.7683395784664359,train
999,-2.192267201921434,train
1000,-2.2515868705690134,train
1001,-2.1740638156463556,train
1002,-3.5915003534178322,train
1003,-3.6035118037790523,train
1004,0.14326607520936166,train
1005,0.9899798748582631,train
1006,-0.9682568777436775,train
1007,-2.7607354101212107,train
1008,-1.9996301155710334,train
1009,0.41535035849403107,train
1010,4.171503807818516,train
1011,3.4234190892826177,train
1012,3.3037057197779185,train
1013,2.4403497087140282,train
1014,2.6845221159941106,train
1015,1.2625811845945938,train
1016,-0.7367064404456412,train
1017,1.275869916095014,train
1018,1.417528854794893,train
1019,0.43928486777897163,train
1020,1.1169988918348925,train
1021,0.642855334771761,train
1022,1.3510500828573977,train
1023,2.366219514174556,train
1024,2.283383227118117,train
1025,1.0933486928249037,train
1026,0.03334653257880534,train
1027,0.013071210482936677,train
1028,0.2701599390807843,train
1029,0.3364622983007491,train
1030,0.15041749930743722,train
1031,-0.692113116068925,train
1032,-1.1720345745619813,train
1033,-1.606181593098597,train
1034,0.6743434752928322,train
1035,0.31485008276238025,train
1036,1.6037830616746316,train
1037,0.562359722924126,train
1038,-0.8614574446670997,train
1039,-3.6118442030337734,train
1040,-1.13202642385627,train
1041,0.856979041194594,train
1042,0.5167457259464434,train
1043,2.441123696029592,train
1044,2.629895874636546,train
1045,2.0460670208066007,train
1046,2.3521674244369333,train
1047,1.3541587888551527,train
1048,-0.8796787429086048,train
1049,-0.6542262137496486,train
1050,0.0032702424751646086,train
1051,0.04142910595707306,train
1052,1.0003656450414466,train
1053,0.16618702689062348,train
1054,-0.4419487627100404,train
1055,-0.9730997331595693,train
1056,-0.8038059181873841,train
1057,-0.9863417113407259,train
1058,-0.9215041472245099,train
1059,-1.7507382853129818,train
1060,-0.9110601036592213,train
1061,-1.0075853668106862,train
1062,-0.40138936810907405,train
1063,-0.09389190508369322,train
1064,0.4659727761446104,train
1065,-0.3484201752743597,train
1066,-0.16270715276603984,train
1067,0.09645953375901735,train
1068,0.07858042239935034,train
1069,-0.806662998239331,train
1070,-0.3037395053431574,train
1071,-1.2541138353460823,train
1072,-0.4578812694841834,train
1073,0.25392470778500636,train
1074,-0.15673196011686738,train
1075,-1.7759052140297018,train
1076,-1.1054317019133788,train
1077,-1.0968134409966885,train
1078,-1.2044946309310869,train
1079,-1.7050572455354425,train
1080,-0.6559187749362154,train
1081,-1.4769937162657971,train
1082,-0.9451804556429744,train
1083,-0.9405820356404101,train
1084,-3.812186083170499,train
1085,-6.869667389423477,train
1086,-7.148879646775638,train
1087,-3.9752358259345826,train
1088,-2.802650680349382,train
1089,-4.101712820900345,train
1090,1.7730574743649883,train
1091,2.607326528417686,train
1092,1.7531037618923784,train
1093,1.1878359143467676,train
1094,0.10514282567376135,train
1095,-2.1546116561299113,train
1096,-1.302319650408818,train
1097,-0.9779072788173795,train
1098,-0.424203160486933,train
1099,0.9822370412809867,train
1100,-0.26091135320770703,train
1101,-1.2954128899334914,train
1102,-1.4457830534778568,train
1103,0.5794218309880399,train
1104,-0.6802041842342377,train
1105,-1.5695647107718098,train
1106,-2.236303097648714,train
1107,-1.1908480867911253,train
1108,-3.111778124102755,train
1109,-3.391348802733682,train
1110,1.5378228373133893,train
1111,1.6195305038638672,train
1112,1.1201662056731407,train
1113,-0.4778955647947446,train
1114,-1.1960969994461377,train
1115,0.043562629468439557,train
1116,-1.0989741316052382,train
1117,-0.7495336421807757,train
1118,-0.19384689816681955,train
1119,2.9807330075591687,train
1120,3.8740587350738065,train
1121,4.489847989112138,train
1122,2.4746772442541367,train
1123,1.7199733398027137,train
1124,-0.5183703474278183,train
1125,-1.3326604426217135,train
1126,-0.2778683122674646,train
1127,-3.2996616651677093,train
1128,-1.015990030344367,train
1129,1.1554694637935217,train
1130,1.5245079179866652,train
1131,2.1468478649834966,train
1132,-0.16107336171028952,train
1133,0.2879889774338386,train
1134,-0.27769311402795116,train
1135,-1.557706206088344,train
1136,-3.577846566854336,train
1137,-1.7045851099693803,train
1138,-3.2383383519976547,train
1139,0.352269842335154,train
1140,1.4967217709936806,train
1141,-0.18026611234125955,train
1142,-2.2007392809777127,train
1143,-1.224699517967047,train
1144,-1.6859371740571922,train
1145,-3.0338422358380774,train
1146,0.5662680278395441,train
1147,0.38959435999591474,train
1148,-0.5271145005769241,train
1149,-0.9488864958564264,train
1150,1.2569078204268713,train
1151,1.3838758252474033,train
1152,0.7963589482803525,train
1153,-0.8669873975289659,train
1154,1.037164829309983,train
1155,3.345042753805183,train
1156,1.2892158385994898,train
1157,-0.8048282479257851,train
1158,0.6846799286119917,train
1159,1.9414884504444612,train
1160,2.2190568284434375,train
1161,1.6524777521630105,train
1162,1.1074303593957744,train
1163,-0.04879246600425104,train
1164,1.6894510249928756,train
1165,2.2224748053253247,train
1166,1.9070271688838605,train
1167,1.729276513543483,train
1168,1.9367341756006105,train
1169,0.9748101740932951,train
1170,1.2186342228984548,train
1171,1.0484927910452189,train
1172,0.37934604361198143,train
1173,-0.6067096967906748,train
1174,-0.3113317878175697,train
1175,-0.2576149265929855,train
1176,0.1775333706526027,train
1177,-0.551124218230137,train
1178,1.2945525471359238,train
1179,2.4864190486676776,train
1180,-0.4096529494186278,train
1181,-0.6482181365740859,train
1182,0.5830043843084689,train
1183,-0.2800938183248888,train
1184,2.2665191485972653,train
1185,1.4824588920002557,train
1186,0.14897642607727002,train
1187,1.230553075431827,train
1188,0.07971253922393448,train
1189,0.14491304030040303,train
1190,0.5215604877979688,train
1191,0.11824664951989258,train
1192,0.420648079513786,train
1193,1.3053817477129133,train
1194,0.42760783997325214,train
1195,-0.7000080111382132,train
1196,-0.3670978322380473,train
1197,-0.39547348207318084,train
1198,-2.3419360928425883,train
1199,-0.7375377856017712,train
1200,0.9355063091129043,train
1201,0.5905668823988215,train
1202,-0.2765082030464175,train
1203,-0.30116056944876063,train
1204,-1.8738768364566605,train
1205,-2.5635452742218634,train
1206,-1.6733770345823213,train
1207,-0.5592575681159886,train
1208,-0.06847608454545388,train
1209,0.7926601306184444,train
1210,2.3099934537390756,train
1211,3.117717252170156,train
1212,1.8263830531260203,train
1213,1.8578762337786543,train
1214,-1.3220111696604693,train
1215,-0.35249839048996395,train
1216,1.1462336427266306,train
1217,0.6487546639179239,train
1218,-2.134786986681846,train
1219,-0.934479948102867,train
1220,0.6926720077405495,train
1221,1.9188814846724047,train
1222,0.804756125451308,train
1223,-0.8886964622516043,train
1224,-1.416951567409912,train
1225,-1.2596138750787518,train
1226,-0.6352786843527526,train
1227,0.3394580915148552,train
1228,0.20230341963846532,train
1229,1.3683537280688487,train
1230,-0.20982583598468,train
1231,-0.22270113845277947,train
1232,-0.2147963845772743,train
1233,1.7074534711229665,train
1234,1.5084956871980648,train
1235,-1.7983510663851527,train
1236,-2.075174218870814,train
1237,-2.9036923466896085,train
1238,-0.2573050040795281,train
1239,0.8007815520380798,train
1240,0.7522912872744362,train
1241,-0.40530730077901495,train
1242,-1.6513280079339159,train
1243,-1.3354462066600303,train
1244,-0.4013079813891284,train
1245,0.5163235376594297,train
1246,-0.49331397317484693,train
1247,-1.5465374909473688,train
1248,-1.0324102673333018,train
1249,-0.5279899971333479,train
1250,-1.3367550821922405,train
1251,-2.283304080583568,train
1252,-1.5560459561171338,train
1253,0.031672353894647676,train
1254,0.8904100274200327,train
1255,0.7751354617491055,train
1256,0.29347697230064446,train
1257,-0.43004359375715795,train
1258,0.3606165386694511,train
1259,-0.9422120034362497,train
1260,-2.193408938541721,train
1261,-0.6336908695417717,train
1262,2.3154463813644752,train
1263,1.6731197888405227,train
1264,2.503596001483873,train
1265,2.6592443882543306,train
1266,2.1392076224658756,train
1267,1.424562905256935,train
1268,0.07519600580136653,train
1269,-1.5052420010602487,train
1270,-1.086543977983294,train
1271,0.03060077678080357,train
1272,-0.8149465709636835,train
1273,-0.7963806519321976,train
1274,0.7993828124054821,train
1275,-0.31881128385074853,train
1276,-0.8777875995344036,train
1277,-1.7006754326649713,train
1278,-1.977468039148362,train
1279,-3.5394626168564995,train
1280,-2.112276012660979,train
1281,-1.4035533191019098,train
1282,-2.2717621445312774,train
1283,-2.645962671635737,train
1284,-2.8729974213615472,train
1285,-1.0618639446387,train
1286,-1.743271504473342,train
1287,-0.77890690952715,train
1288,-1.5012863479979102,train
1289,-0.40535816362493254,train
1290,0.575548545870627,train
1291,0.48987857536022555,train
1292,0.8893317245399804,train
1293,-0.36902471275537246,train
1294,0.08101230258379534,train
1295,0.5570647665657594,train
1296,0.5047528328217107,train
1297,-0.973149247201462,train
1298,-1.2220740959296381,train
1299,-0.5482944722031474,train
1300,-1.34792493955746,train
1301,-1.6618820516870705,train
1302,-0.6038665888658227,train
1303,-0.3862789020844846,train
1304,0.5378127469050333,train
1305,0.19734722489796944,train
1306,-0.1542148090659429,train
1307,-1.199868069658167,train
1308,-1.8258586339689846,train
1309,-1.773459628331569,train
1310,0.062303522762314024,train
1311,-1.2897448721290101,train
1312,-1.6131698922237214,train
1313,0.9758128753396202,train
1314,0.8078574355927178,train
1315,0.8417801507575379,train
1316,0.4037309252037221,train
1317,-1.022323332317474,train
1318,-0.17686918987585512,train
1319,1.77076044033271,train
1320,0.13305021367460446,train
1321,-1.8873076014646766,train
1322,-2.590099545307555,train
1323,-1.4551822290347767,train
1324,-2.853379697217844,train
1325,-1.7150607536162292,train
1326,-1.9104349334542594,train
1327,-0.5924723430154081,train
1328,0.8136041446541901,train
1329,0.5185090433616804,train
1330,-0.6178733057358103,train
1331,-1.8506736206407817,train
1332,-1.820982593519373,train
1333,-1.0722041349180351,train
1334,-0.3659638102362052,train
1335,0.6973705240546699,train
1336,1.9148259076749805,train
1337,-0.6286769104908452,train
1338,0.15490521308589722,train
1339,2.583225022470748,train
1340,3.510316881689081,train
1341,1.3680131418721646,train
1342,-1.2012611246080591,train
1343,-0.6431299898574276,train
1344,-0.7700681895139364,train
1345,-0.06431501830341026,train
1346,0.008283502555004442,train
1347,-0.8796717467006921,train
1348,-0.6467782961196167,train
1349,1.275318454859337,train
1350,1.7449334802632306,train
1351,2.292201846462918,train
1352,1.0409001098174726,train
1353,-0.1087874965445542,train
1354,-0.005073417368217145,train
1355,-1.2794860307601226,train
1356,-2.129667205119851,train
1357,-2.692678626249036,train
1358,-2.2356813421367945,train
1359,-0.7755655039216945,train
1360,-1.356506787416214,train
1361,-0.013403038670071896,train
1362,2.511174829450176,train
1363,2.19876276477752,train
1364,0.8366751187388366,train
1365,1.2325489503039786,train
1366,0.8536068990943902,train
1367,-2.853669381211527,train
1368,-2.6597765423074016,train
1369,-0.08776136473689095,train
1370,1.8201872586975834,train
1371,1.9422292650122857,train
1372,0.6427357979505279,train
1373,0.7423560961362066,train
1374,1.3420487359766942,train
1375,2.163354610413019,train
1376,1.8428234302167927,train
1377,-0.8968525594868451,train
1378,-0.09950472578016543,train
1379,-0.37003135561413436,train
1380,-1.468410209262271,train
1381,0.12360012479284274,train
1382,1.7287683065969697,train
1383,1.1587588071959576,train
1384,0.8629626374632535,train
1385,0.40514211224831637,train
1386,1.9461189616475412,train
1387,1.3791805612108086,train
1388,1.210260770714535,train
1389,0.8383843900541942,train
1390,-1.0769450239131402,train
1391,-1.8499674026248791,train
1392,0.1191380335053041,train
1393,-0.874212562736295,train
1394,-2.6048774805244475,train
1395,-2.2441074946263675,train
1396,0.6812711923691578,train
1397,2.6706932388993043,train
1398,-0.019265484943276342,train
1399,-1.4830004538785924,train
1400,-1.3171633753088146,train
1401,-2.133659091312085,train
1402,-1.8752236951959906,train
1403,-1.8910462291768504,train
1404,-1.9960334500709602,train
1405,0.2652447328418706,train
1406,2.182159741641108,train
1407,0.9317892061396438,train
1408,0.9503616981945983,train
1409,-0.12557195312169117,train
1410,1.1039975385932932,train
1411,0.38689688843183084,train
1412,1.2625188473648532,train
1413,2.351833199596862,train
1414,1.538996952752741,train
1415,-0.6261820656177869,train
1416,-0.4275660307575567,train
1417,-0.8612566661379982,train
1418,-2.648263050206599,train
1419,-0.8083304447877742,train
1420,0.46786939831990626,train
1421,2.09194553684354,train
1422,5.1796920914548465,train
1423,3.939764800214588,train
1424,1.3832990379535643,train
1425,1.1179084402891073,train
1426,0.16252261544376106,train
1427,-0.28356781465576897,train
1428,-2.7144682188536176,train
1429,-4.465110083856192,train
1430,-1.8600830515693014,train
1431,-0.7763108594968151,train
1432,-0.9452581030413177,train
1433,0.7034987982033203,train
1434,-0.5499597210898938,train
1435,-1.8726957680774303,train
1436,-1.1040704570393907,train
1437,0.18666230323056127,train
1438,0.518302679321661,train
1439,-1.6989355976762888,train
1440,-0.7183579819846821,train
1441,-0.10228479852884248,train
1442,-1.056785358256148,train
1443,-0.6140164671524335,train
1444,-0.021407914796476846,train
1445,-0.25606597928184077,train
1446,1.2854710902790167,train
1447,1.1356047798098503,train
1448,1.5552270254655187,train
1449,0.05063897064210291,train
1450,-0.2767477697934424,train
1451,0.4089746018383,train
1452,-0.8860873357742297,train
1453,-3.153405251599084,train
1454,-3.473960133222962,train
1455,-2.007398394022379,train
1456,-1.1954675945050433,train
1457,-3.122653458881265,train
1458,-2.143118820603378,train
1459,-1.1877735084209373,train
1460,-0.12494799025044151,train
1461,-0.8441617053545135,train
1462,-1.849519649322159,train
1463,-1.5766677996338643,train
1464,-0.45189488838445585,train
1465,-1.2271288228518358,train
1466,-0.860573335347023,train
1467,-0.5252937147200782,train
1468,0.24242956714920624,train
1469,-1.0171319471381919,train
1470,-0.3746552438591893,train
1471,-0.14972025373087675,train
1472,0.24544334631622927,train
1473,0.8027540814751442,train
1474,0.6494161278524585,train
1475,0.8820831933581612,train
1476,-0.624662245142204,train
1477,-1.529082268155391,train
1478,-0.25373650985479307,train
1479,0.003569923437898296,train
1480,1.043344582179701,train
1481,1.5302877897512714,train
1482,1.1264292885454728,train
1483,-0.04114114416818381,train
1484,-0.7420131584437198,train
1485,0.464935173779092,train
1486,1.5822294487053337,train
1487,1.5163812482175416,train
1488,0.389817883956019,train
1489,-0.1159146119323587,train
1490,0.5183545787485466,train
1491,0.7453538922957719,train
1492,3.065611280829752,train
1493,1.8572352414558568,train
1494,1.8297168477589418,train
1495,0.9650072531757554,train
1496,-0.24414165570301746,train
1497,-1.0072192894091463,train
1498,0.002977638491018239,train
1499,0.3728277129433179,train
1500,0.09766305222272201,train
1501,-0.07570956184724409,train
1502,-0.4752882139396423,train
1503,-0.19166455762228585,train
1504,-0.3941291806708591,train
1505,-0.9163537069895903,train
1506,-0.43767371320265724,train
1507,1.2465647536654096,train
1508,0.4196131745201909,train
1509,0.05199796904731378,train
1510,0.3809513228632452,train
1511,0.42622797719862615,train
1512,-0.04288021301386495,train
1513,0.7110248223317317,train
1514,0.6201489386329693,train
1515,0.882262685940558,train
1516,0.2818277079494836,train
1517,-0.3226193553354426,train
1518,-0.8890207526922794,train
1519,0.5522954206548149,train
1520,0.827158194429142,train
1521,1.1584814555467746,train
1522,0.9543120607658409,train
1523,0.4743088209834912,train
1524,0.40468398938208794,train
1525,-0.19648110781132164,train
1526,0.09137617578631604,train
1527,0.048709311149793155,train
1528,1.0739058140048758,train
1529,1.2037637713572995,train
1530,0.7787652791964551,train
1531,0.6682563574789867,train
1532,0.35480782540421874,train
1533,0.1775303940761583,train
1534,0.7541193305020152,train
1535,0.157868760950215,train
1536,-0.0003740856166313974,train
1537,0.3674711686327847,train
1538,0.25428324732748286,train
1539,1.1188014773896926,train
1540,0.6316507490367924,train
1541,0.5022002068871092,train
1542,0.4936769730873419,train
1543,-1.3584984015607098,train
1544,-0.8340387386688864,train
1545,-1.1343731541514581,train
1546,-1.5551149975515006,train
1547,-0.5253764202428485,train
1548,0.6851704379000012,train
1549,0.6664187383581487,train
1550,1.2392782176814534,train
1551,2.059594433673374,train
1552,1.3342870538189273,train
1553,0.86204930477158,train
1554,1.3462534462064022,train
1555,0.34369384803869163,train
1556,0.21641062002372555,train
1557,0.798815567232811,train
1558,0.15266314531672287,train
1559,-0.4236144512585476,train
1560,-1.0058279945111228,train
1561,-1.3665728763481122,train
1562,-1.0243576979471238,train
1563,-0.08193436200719247,train
1564,1.6234876674610723,train
1565,1.1049090008727038,train
1566,1.1869796723188326,train
1567,2.029679961174938,train
1568,1.6267525715414302,train
1569,1.4474144005206702,train
1570,0.41903328951992697,train
1571,-0.01660737249928053,train
1572,0.4486020131564769,train
1573,1.2234060342298967,train
1574,-0.10437157782950765,train
1575,-0.8552326603582693,train
1576,1.0753692289906003,train
1577,1.7859992727808156,train
1578,1.909227793458305,train
1579,0.5767375030973436,train
1580,0.17501580134295258,train
1581,0.43169660066966287,train
1582,-0.4059249628461651,train
1583,-0.32539019209859776,train
1584,-0.5198260709393993,train
1585,-1.4004304746046183,train
1586,-1.546143334217836,train
1587,0.9209138180964622,train
1588,2.8133841281969967,train
1589,0.8965800863863933,train
1590,-0.3197597790189434,train
1591,-1.9313331683483277,train
1592,-2.1212757495832397,train
1593,-0.494278494686697,train
1594,0.6204485845480603,train
1595,0.7612197822566085,train
1596,-0.18716425283353233,train
1597,-1.0307526276883323,train
1598,-1.566069665418865,train
1599,-2.0661760833402423,train
1600,-0.6640309247424238,train
1601,0.19872738149863114,train
1602,0.7156913116080722,train
1603,-0.49963453934968083,train
1604,-2.3467272321998864,train
1605,-2.289328835213157,train
1606,-1.2622215609079985,train
1607,-1.7641930137290023,train
1608,-0.07351112225370511,train
1609,-0.3526103115238146,train
1610,-1.2902742210858402,train
1611,-0.6204914530448611,train
1612,1.9998295687403438,train
1613,1.4718036529426075,train
1614,0.8060571696461561,train
1615,0.5114118742645111,train
1616,1.9490880037755904,train
1617,3.1991577067599954,train
1618,2.293818750899441,train
1619,1.5337533368620833,train
1620,0.5599008479978576,train
1621,-0.9012531968769235,train
1622,0.47075595579001794,train
1623,1.363829910731843,train
1624,1.66976287897421,train
1625,-1.428600974757454,train
1626,-0.6456860324556896,train
1627,0.4449366708847389,train
1628,-0.44955554909254775,train
1629,0.40449677239025306,train
1630,3.2303315720701,train
1631,3.2750825287925167,train
1632,2.6410477192306434,train
1633,-1.06817647294837,train
1634,-1.6865183418296248,train
1635,0.32987132473304637,train
1636,-0.7420921189256463,train
1637,0.5486667251232729,train
1638,-5.951883265007439,train
1639,-3.9459934035531794,train
1640,-1.1605090367979642,train
1641,-2.034806435082312,train
1642,-1.54131968773998,train
1643,1.6412888647808048,train
1644,2.7525936782842564,train
1645,0.8848917335310819,train
1646,1.6084790312933306,train
1647,-0.39164219897150504,train
1648,-0.832132730658097,train
1649,-1.1127625366188638,train
1650,-1.7023968307675676,train
1651,0.8180611124873224,train
1652,2.120365151749577,train
1653,2.03144028097181,train
1654,2.231484211271578,train
1655,2.4058912947662945,train
1656,2.5255128079592826,train
1657,1.830270159595974,train
1658,2.5237907779546056,train
1659,1.8324169669447081,train
1660,-0.10878508489261395,train
1661,-0.7632125894212124,train
1662,0.6133247725119362,train
1663,0.7891570221254127,train
1664,1.4785892640994722,train
1665,2.332812744079874,train
1666,1.7741499600388504,train
1667,1.501155004357254,train
1668,1.5689889393961938,train
1669,1.2322146332760786,train
1670,-0.6362578913081659,train
1671,1.1021840227342452,train
1672,0.6135630804840435,train
1673,-0.6285504415015212,train
1674,1.330477576811053,train
1675,0.3006009495813493,train
1676,-1.5509928365999666,train
1677,-1.1009940053932066,train
1678,-1.5153438182677292,train
1679,-1.6034531194916026,train
1680,-0.8248453357546096,train
1681,-0.2133802081122289,train
1682,-0.5568493736292724,train
1683,-1.1041312490085324,train
1684,-4.216815050709987,train
1685,-2.956628324685575,train
1686,-1.5461066649365827,train
1687,-0.8909549151169782,train
1688,-0.8619717460673547,train
1689,0.06680046612658884,train
1690,1.9980602139486683,train
1691,2.267720116533801,train
1692,3.0530698018447686,train
1693,1.7418532673210245,train
1694,-1.2274449925477493,train
1695,-2.2881797299866875,train
1696,-0.8795069745045039,train
1697,-1.1697418701254325,train
1698,-1.0373162905540123,train
1699,-1.390390939844181,train
1700,-1.3686594772845102,train
1701,-1.6041330654530035,train
1702,-0.45179966626091783,train
1703,-0.7876738832476057,train
1704,-0.41612855736321036,train
1705,1.161007652985413,train
1706,1.9559108008246826,train
1707,1.3586477188130417,train
1708,1.9086213682930313,train
1709,3.2956403321895498,train
1710,3.284296177441901,train
1711,2.182564353480041,train
1712,3.341294420549877,train
1713,3.7533988432125263,train
1714,1.6916356950383369,train
1715,1.2001150042225084,train
1716,0.5479054463994427,train
1717,0.9143844204646436,train
1718,-0.14421191367345038,train
1719,-0.11292603895072297,train
1720,-0.23160113737137944,train
1721,-0.5155753357599839,train
1722,-0.4556856080373118,train
1723,1.0610032455005725,train
1724,3.6845934285655626,train
1725,2.807681698787018,train
1726,1.7083621065038566,train
1727,1.1290764672826743,train
1728,-0.7455032770671711,train
1729,-0.9805031694198256,train
1730,0.039969291303843406,train
1731,0.269496288683757,train
1732,-0.10937248716099787,train
1733,0.5113221800829807,train
1734,0.8460504715658166,train
1735,1.4433841287637323,train
1736,1.0986411432366836,train
1737,0.5459474460216255,train
1738,0.4834978936066843,train
1739,0.8503028511204433,train
1740,0.26031177464337846,train
1741,0.6601594862201253,train
1742,0.6109213255999981,train
1743,0.20180874908962065,train
1744,0.9391341098150577,train
1745,0.31205540289594225,train
1746,-1.5351214995059344,train
1747,-1.1285844574507973,train
1748,-0.5220485064497654,train
1749,0.21552585692399692,train
1750,0.4618819171813531,train
1751,1.6515288149251268,train
1752,1.8763692673440653,train
1753,0.7344700735366476,train
1754,1.20346274796657,train
1755,1.0782241033075048,train
1756,-0.7080569682408184,train
1757,-0.19555624132589425,train
1758,0.7301965705140805,train
1759,0.7986853639441049,train
1760,0.5482727459600245,train
1761,-0.10644571521625508,train
1762,-0.81281536711911,train
1763,-0.12434966436465368,train
1764,-0.4811867339767405,train
1765,1.2336185203176258,train
1766,0.4487320062931812,train
1767,-1.7951163765626574,train
1768,-1.539900199318715,train
1769,-0.5702714702804482,train
1770,-1.8644922174584484,train
1771,-0.9678095516466324,train
1772,-1.7568068329508413,train
1773,-3.3640852059690114,train
1774,-1.0031874266367389,train
1775,-1.3799555033414106,train
1776,-0.8265130246739265,train
1777,-2.387330607847592,train
1778,-2.010244354045753,train
1779,-2.923780619089679,train
1780,-0.18169333709240873,train
1781,0.2967366583070874,train
1782,0.594059538736696,train
1783,1.2549269082250225,train
1784,1.2955017546408254,train
1785,-1.245503476414943,train
1786,-1.4670395332376645,train
1787,-0.33361374791546455,train
1788,0.5138178868386082,train
1789,-0.8305833742326116,train
1790,0.4935003651592759,train
1791,1.3492466160141627,train
1792,1.068315028467025,train
1793,0.8890108850645151,train
1794,-0.3202820684743971,train
1795,-1.0360677966660137,train
1796,0.1673139095997561,train
1797,0.8174546317947385,train
1798,2.8178333687124626,train
1799,4.220538389836353,train
1800,2.1736699650825106,train
1801,0.16301694716856158,train
1802,-0.7873678870140896,train
1803,1.2862575078228187,train
1804,0.8822382306094957,train
1805,0.4037488287299002,train
1806,-1.5160629648957809,train
1807,0.04529667636767688,train
1808,0.26529859309013154,train
1809,1.2027888283418808,train
1810,-1.379590364599063,train
1811,-3.200926978024014,train
1812,-3.694993125842046,train
1813,-1.9833052040735357,train
1814,-1.7138517709402161,train
1815,0.9430740478109162,train
1816,-0.23925925545774024,train
1817,-1.781182337162413,train
1818,0.7266428894755603,train
1819,2.637705707249204,train
1820,1.402362802130605,train
1821,-0.8932718628388009,train
1822,-0.2488575879881902,train
1823,0.5359720689301383,train
1824,-1.3234831843281099,train
1825,-0.7412591816929177,train
1826,2.2018205889768874,train
1827,0.7918030730877317,train
1828,0.8834042797247963,train
1829,-1.4854023740714284,train
1830,-2.175182913928452,train
1831,-1.7496895183927017,train
1832,0.5639472600667313,train
1833,1.7552747742936607,train
1834,1.3695129419529988,train
1835,0.5864058297281565,train
1836,0.5749041107453705,train
1837,-0.0811033674956465,train
1838,0.014137039148538335,train
1839,0.19867335817168388,train
1840,-0.36604280674838596,train
1841,-0.4346849876369808,train
1842,-3.472268858498044,train
1843,-0.7257199083911491,train
1844,-0.21280003539503956,train
1845,-0.533292070436932,train
1846,-0.09164095866348357,train
1847,0.7762384694862348,train
1848,1.0494315729774466,train
1849,0.12181721110401866,train
1850,2.1374782065292774,train
1851,2.0258686469147777,train
1852,0.46887388338903635,train
1853,-2.810923297894045,train
1854,-2.0286663643755953,train
1855,-2.813476419079717,train
1856,-1.9942450821964997,train
1857,-1.1413891587885492,train
1858,-1.8759533228925918,train
1859,-2.5592682033814866,train
1860,-4.7029001196609,train
1861,-5.902703279146643,train
1862,-4.13962356553302,train
1863,-3.1017834595791833,train
1864,-1.3060942634602213,train
1865,1.039836202886012,train
1866,3.834192346290429,train
1867,3.5963450943042243,train
1868,5.044422541515356,train
1869,9.39796126405938,train
1870,3.69177003014082,train
1871,0.4600104148387029,train
1872,-0.20895043346487752,train
1873,-1.9119462446289406,train
1874,-0.2929677142202138,train
1875,1.8762747117410592,train
1876,3.574833542392014,train
1877,1.5274461489350268,train
1878,0.22273103297943353,train
1879,1.8609748684041423,train
1880,0.7165263145821279,train
1881,0.32959592766699825,train
1882,-0.4263883763756503,train
1883,-0.6510212502898736,train
1884,-0.4864154389203878,train
1885,1.1719788712143648,train
1886,0.6816940074124804,train
1887,-0.48697231925311535,train
1888,0.9063748577637313,train
1889,-1.3403334113632088,train
1890,-0.8076853573278426,train
1891,1.5818501248225765,train
1892,0.8772261871483235,train
1893,-0.007491599982256958,train
1894,0.25246049054122416,train
1895,1.4703828644786123,train
1896,2.159299086222733,train
1897,1.2797231910040932,train
1898,0.9073237115746271,train
1899,-0.7251268549033197,train
1900,-1.5674340902044004,train
1901,-0.913851450376346,train
1902,-0.8485441486753951,train
1903,-1.0932219474473643,train
1904,0.020874550105540395,train
1905,0.8989603630572002,train
1906,1.4007621652176743,train
1907,0.8039832826842217,train
1908,0.13474090166756528,train
1909,-1.3860054592576507,train
1910,-0.09820845509176772,train
1911,-1.393311648954504,train
1912,-1.4717337468754557,train
1913,0.6684294813260667,train
1914,0.9897374819046727,train
1915,1.600120803752523,train
1916,1.5124256676032894,train
1917,0.24138398484223833,train
1918,-0.21326945672684913,train
1919,3.1182973594074723,train
1920,5.1369090548933345,train
1921,6.818529344262678,train
1922,3.4408281399487977,train
1923,-0.39124925066797434,train
1924,-1.472510840929019,train
1925,-1.644504938208834,train
1926,-1.1269290957182774,train
1927,1.0685860303474741,train
1928,0.8916773153267485,train
1929,0.9474686281663558,train
1930,-1.0737996475650176,train
1931,-0.9114038593595873,train
1932,0.06408683236818141,train
1933,-0.7997232743788505,train
1934,-0.14253882079278102,train
1935,1.9534049981299775,train
1936,1.4080800675699652,train
1937,-0.7765663874724059,train
1938,-0.45984468106353027,train
1939,-2.318265069891441,train
1940,-1.2005022287036637,train
1941,-1.2199224770400336,train
1942,-2.629631347342781,train
1943,1.2297229777609773,train
1944,1.4359548991969073,train
1945,0.13314036947884839,train
1946,0.8470881738840416,train
1947,1.0338081141545679,train
1948,-0.24245899108865554,train
1949,1.1256776731904028,train
1950,1.6620582059539795,train
1951,1.2795247410999462,train
1952,0.6497501662767166,train
1953,-0.45908561027838474,train
1954,-0.558133381473254,train
1955,1.153272197946276,train
1956,0.10621993954142352,train
1957,-0.07067469348720809,train
1958,0.8318413258828485,train
1959,0.9419575118601133,train
1960,-1.625354898548274,train
1961,0.7447245473641804,train
1962,1.3678014854677214,train
1963,0.9342522512863825,train
1964,-1.4461473836053003,train
1965,0.5779806770632226,train
1966,1.2022484165975165,train
1967,1.4277823621133672,train
1968,2.012230760797567,train
1969,2.0060049607700834,train
1970,1.0759836720053677,train
1971,1.1544928542456816,train
1972,1.7217076216586729,train
1973,1.255089257081971,train
1974,0.48324709484408973,train
1975,-1.3718124265041052,train
1976,-2.7042943583114125,train
1977,-0.620440034059905,train
1978,0.05901710101511408,train
1979,0.6334473345799249,train
1980,0.25092980123503295,train
1981,-0.8759114703105608,train
1982,-0.3749346204736162,train
1983,-0.3387852505466246,train
1984,0.8324770405186208,train
1985,0.20101180816376024,train
1986,-1.489558217325893,train
1987,-0.48560013551223946,train
1988,-1.040128885866801,train
1989,-0.6041416092402327,train
1990,0.3949871815587986,train
1991,0.4052436894459385,train
1992,-0.005504120240947874,train
1993,1.8983056612648925,train
1994,1.4263711030344028,train
1995,1.4730529760027036,train
1996,2.4017224920265376,train
1997,2.9817175903860624,train
1998,0.762988644654801,train
1999,1.544477101687682,train
2000,2.95253925193192,train
2001,2.1953722760473227,train
2002,1.4547476075775032,train
2003,0.670757538797936,train
2004,0.3678290335261891,train
2005,0.09141907658066639,train
2006,-0.5115542567611242,train
2007,-0.5882740740533742,train
2008,-0.22226894652990467,train
2009,-1.9185419509203372,train
2010,-0.9205633760575274,train
2011,-0.1788506882169365,train
2012,-0.2599060764816047,train
2013,-0.6086716209330194,train
2014,-0.8172677783986007,train
2015,-1.826343191939615,train
2016,-2.923015992302982,train
2017,-2.176594735730717,train
2018,-1.9906414426245318,train
2019,-1.1881858282653819,train
2020,-2.0723711929937845,train
2021,-0.7176443198962019,train
2022,-0.13532967687272865,train
2023,-1.0720247571068011,train
2024,-0.6234904822353603,train
2025,-0.4460731866941011,train
2026,1.1834263750575862,train
2027,-0.49256475558385976,train
2028,4.0346312471305,train
2029,4.249983649371318,train
2030,2.5883321050978676,train
2031,2.196015564142618,train
2032,0.921370320621476,train
2033,2.953526992707907,train
2034,3.134731078685666,train
2035,1.584586162598733,train
2036,0.8795365428042243,train
2037,2.390023154406569,train
2038,1.492021061219268,train
2039,1.9540495778199167,train
2040,1.1849760395980005,train
2041,-1.0686612689579993,train
2042,-2.5184605260646644,train
2043,-2.093061604450895,train
2044,-2.389994162500618,train
2045,-0.3183223909568071,train
2046,1.3885989108447248,train
2047,1.6540803989078374,train
2048,3.546408582291679,train
2049,0.9210802010844861,train
2050,-1.1989067614272293,train
2051,-1.0381476541651191,train
2052,0.8881353056245895,train
2053,-0.31645409905281696,train
2054,1.848513345047253,train
2055,3.851514711197291,train
2056,1.8317333328996241,train
2057,0.8815499079694407,train
2058,0.8392235984217915,train
2059,-1.0729668718402934,train
2060,-2.82554912496321,train
2061,-0.08498692558766988,train
2062,1.1315318506237322,train
2063,1.565850009537329,train
2064,-0.32191996450142074,train
2065,-0.4323800549727838,train
2066,-0.4910140679309562,train
2067,-1.5576840403135988,train
2068,-1.4539613481379288,train
2069,-0.9907756696986048,train
2070,-0.35099358280785664,train
2071,0.20494590865543796,train
2072,2.13837339753429,train
2073,0.8186357924668834,train
2074,1.3972394190395891,train
2075,2.9399830989492353,train
2076,3.423437183337233,train
2077,2.5598771671779574,train
2078,2.1924777910080757,train
2079,2.4906336690681745,train
2080,0.8091148864626474,train
2081,-0.8508210350790815,train
2082,-1.318469983422457,train
2083,-1.5617480742537184,train
2084,-0.8697095387412545,train
2085,-1.1871315545070853,train
2086,-1.2835302231821824,train
2087,-0.49655578575105686,train
2088,-0.44190926269199193,train
2089,0.4583674149039468,train
2090,1.0183345383880418,train
2091,0.9776150598028541,train
2092,0.39056872695231987,train
2093,1.4153483475672282,train
2094,1.5982313250111266,train
2095,-0.06975951131105416,train
2096,-1.0328215048596243,train
2097,1.043225464713728,train
2098,1.5984200206642492,train
2099,1.4684538736656056,train
2100,2.740514808228275,train
2101,2.4165327013230677,train
2102,0.8635143104108928,train
2103,-0.10990112810755762,train
2104,-0.1679258982636117,train
2105,-1.1020185120317334,train
2106,-0.1730763445194332,train
2107,-1.7625622678553128,train
2108,-2.0795542402526244,train
2109,-1.6014450225423336,train
2110,-1.1323814009108648,train
2111,-1.4155102408377274,train
2112,-1.5521716894987472,train
2113,1.0157069583940714,train
2114,1.537063799294015,train
2115,0.17902796809762975,train
2116,0.7455937736490296,train
2117,0.32036887905099753,train
2118,1.3064577626727591,train
2119,0.2742159732741223,train
2120,-1.3199117352712575,train
2121,-1.4868390997808727,train
2122,-0.43806361821897,train
2123,1.7633993458298267,train
2124,2.743472096593048,train
2125,4.533553575450498,train
2126,3.370938489011715,train
2127,2.5970648603149002,train
2128,2.8096094433733056,train
2129,-0.08142132474609595,train
2130,0.4824112289341191,train
2131,-0.029713251234988185,train
2132,-0.06939101085454913,train
2133,-0.6687057942903382,train
2134,1.292176142877424,train
2135,-0.0940918674285384,train
2136,-0.786453512325271,train
2137,-1.296669902829466,train
2138,-2.1974620381200167,train
2139,-0.14415941394953385,train
2140,1.0717029464113588,train
2141,3.0404679206145917,train
2142,3.9169289624228143,train
2143,1.8161037045984527,train
2144,0.5436339948347998,train
2145,0.3639591851527636,train
2146,0.241633087156135,train
2147,1.0773875025282103,train
2148,0.8682316245634293,train
2149,0.21888648168708236,train
2150,-0.6568455449740659,train
2151,-0.353586538278245,train
2152,-0.557899392691047,train
2153,-2.8063531769771344,train
2154,-1.2615325247430413,train
2155,-0.4203934824886453,train
2156,-0.40269765573868466,train
2157,1.0789715862232439,train
2158,0.206120931548167,train
2159,-0.9157693393192735,train
2160,-0.3466975138896659,train
2161,-2.9892518539580526,train
2162,-2.709858010085876,train
2163,-2.795459064125896,train
2164,0.2146379478492414,train
2165,3.3986097805845583,train
2166,1.4460649991762353,train
2167,2.269112406731678,train
2168,0.3477570167934797,train
2169,4.184694874004759,train
2170,6.607411209558131,train
2171,3.063361336388083,train
2172,1.4331689204003204,train
2173,1.3149201513495348,train
2174,-0.06250367967913471,train
2175,-0.47075872706517596,train
2176,0.5645447766993226,train
2177,0.6278015517036671,train
2178,1.9782808081310665,train
2179,2.0406205478236146,train
2180,1.5333927683615047,train
2181,1.1922902074742356,train
2182,5.060562505160732,train
2183,4.802688823258129,train
2184,1.2549895528237094,train
2185,0.06747121141314504,train
2186,0.25594255045657177,train
2187,0.45707998111771736,train
2188,-0.023164384521813353,train
2189,-1.2385959408148546,train
2190,-1.8762881270652807,train
2191,2.514436697566344,train
2192,1.7111827438234977,train
2193,0.4297629064845306,train
2194,-0.11039756427031068,train
2195,1.3491538580493514,train
2196,1.5070764010826152,train
2197,0.05732304508173991,train
2198,0.7093704498338362,train
2199,1.080954888212458,train
2200,0.08981346039650176,train
2201,-0.18980706297312228,train
2202,-1.5186425008604616,train
2203,-1.5809818763598598,train
2204,-0.9968675172074483,train
2205,-1.775151744954016,train
2206,-0.3099086447093297,train
2207,-1.022398569071706,train
2208,-1.4934491422236995,train
2209,-3.1586346017612787,train
2210,-1.105121628628568,train
2211,-2.0377686075152024,train
2212,-0.11401155083306493,train
2213,1.043674254782803,train
2214,0.9032543383556909,train
2215,-1.184655351824923,train
2216,-2.2258113078493467,train
2217,-0.5224370373762124,train
2218,-0.4239347945094222,train
2219,-0.543904853349388,train
2220,-1.1764141612164902,train
2221,0.6604120107086607,train
2222,0.6076660826329512,train
2223,-0.786522186391258,train
2224,0.6945958837585994,train
2225,1.2152829172192754,train
2226,0.051541746988997036,train
2227,-0.9685804014873924,train
2228,0.08803609084673297,train
2229,0.973871843092302,train
2230,1.6429568980784566,train
2231,1.9700644450876597,train
2232,2.0081709050427143,train
2233,0.8354319640131603,train
2234,1.4235334959503603,train
2235,-0.7745746505909425,train
2236,-0.43425500013574314,train
2237,-1.197694696503476,train
2238,-0.5102639053249763,train
2239,0.37334755995144614,train
2240,-0.99488125961435,train
2241,-1.7410340223420369,train
2242,-1.6872518688987537,train
2243,-2.41861688587199,train
2244,0.9400764845338092,train
2245,2.774470093343479,train
2246,0.5111595439363097,train
2247,3.7890702585322162,train
2248,4.369908200196862,train
2249,2.5682954473462516,train
2250,2.419117491616941,train
2251,4.699934665540054,train
2252,4.195911022300612,train
2253,1.189797261920214,train
2254,1.0039677313943307,train
2255,0.4655434876296267,train
2256,-0.7201384484827634,train
2257,0.871038120682569,train
2258,2.8631937585452105,train
2259,2.1762597929946086,train
2260,1.0279514466724493,train
2261,0.8758549286453352,train
2262,1.7315715929229938,train
2263,0.43561420919418553,train
2264,1.5929333972341129,train
2265,-0.03581864940025399,train
2266,0.7012218728786956,train
2267,2.1333246654472444,train
2268,1.0975603591754437,train
2269,1.7231735326979378,train
2270,1.6456286872703925,train
2271,3.2757372538684737,train
2272,2.5938713478689013,train
2273,0.36825102613198873,train
2274,-3.2691604118067645,train
2275,-1.7044043272058829,train
2276,0.2837439971699425,train
2277,0.05044648628519296,train
2278,2.1305057996369183,train
2279,0.7154391941105797,train
2280,1.7276478366899464,train
2281,0.42748572643632526,train
2282,-0.5837214024511368,train
2283,1.655730766956482,train
2284,4.136436314269175,train
2285,2.4819044793638225,train
2286,2.1732039285767524,train
2287,-4.548979350809236,train
2288,-3.471927038532876,train
2289,-0.14479378038091245,train
2290,1.3236947932560188,train
2291,2.0204342467739034,train
2292,3.7288232239117174,train
2293,2.904401495396999,train
2294,1.5180394689572199,train
2295,2.2059688998820595,train
2296,-0.08423507242989213,train
2297,-0.9091559600252282,train
2298,-1.0980882152870681,train
2299,0.008883460815096363,train
2300,1.4643646612907408,train
2301,0.9340457966171308,train
2302,-1.3248172096476916,train
2303,-1.6958229403249874,train
2304,0.6123062319685095,train
2305,-1.1812140515247809,train
2306,1.2235903400951138,train
2307,1.9835519885174873,train
2308,1.1579586732633478,train
2309,0.7760944334896897,train
2310,-0.4098746655642118,train
2311,1.2253676230572188,train
2312,1.2958391073188487,train
2313,1.2620910761901434,train
2314,3.8899314560912273,train
2315,2.456963884566963,train
2316,0.29202369741079626,train
2317,1.2349372003523895,train
2318,1.0068967562331201,train
2319,0.9901753505475348,train
2320,-0.12468232685247571,train
2321,-0.9316350519055423,train
2322,-2.107132590427041,train
2323,-2.0322196722164105,train
2324,-0.9620070160959378,train
2325,-0.8430686797260935,train
2326,-0.5332461433055652,train
2327,-1.132502282761499,train
2328,2.08840030603893,train
2329,1.3759735253187702,train
2330,0.9281745376207813,train
2331,0.5388847835106473,train
2332,-2.086355544630253,train
2333,-1.8432845213852536,train
2334,-2.867578417539261,train
2335,-0.660840771830706,train
2336,-0.17980039347198765,train
2337,-0.8284119855740055,train
2338,-3.324151145488525,train
2339,-3.075195574079572,train
2340,-1.2336347330070092,train
2341,0.6492337134595746,train
2342,-1.3026458913095957,train
2343,0.09003935626460485,train
2344,-0.4582452539461151,train
2345,0.41098002530021627,train
2346,1.473287060189715,train
2347,0.4780276044271176,train
2348,0.37202411664825263,train
2349,-1.1192588957310463,train
2350,0.31861871450123025,train
2351,3.754729703276158,train
2352,3.480572843223786,train
2353,1.3567996116363685,train
2354,-2.2390792941409106,train
2355,0.16056404998766363,train
2356,2.7045588475751554,train
2357,2.5124775737982366,train
2358,0.3765119955337551,train
2359,-0.5121422868919958,train
2360,-1.9206698700803297,train
2361,-3.4559036354052672,train
2362,-1.1724066696016042,train
2363,0.06834067354699966,train
2364,-0.37266681894343484,train
2365,0.27905325854710256,train
2366,3.541213068058017,train
2367,2.190910561008518,train
2368,0.16575881891048314,train
2369,0.7797358908832273,train
2370,2.7845452038363,train
2371,2.2543524875956584,train
2372,0.48715837040471854,train
2373,-1.6684802496641455,train
2374,0.0284758369248501,train
2375,0.6183108361739185,train
2376,-0.6758095481478911,train
2377,-1.0508003488003472,train
2378,0.6618580483313283,train
2379,0.39572548099271954,train
2380,-0.2681955765375581,train
2381,2.2886659651033834,train
2382,2.4663420364260937,train
2383,2.5102486405309694,train
2384,0.8544313960940306,train
2385,-0.5840965013656662,train
2386,-2.256905192955996,train
2387,-4.797559795133959,train
2388,-3.5683227512384446,train
2389,-1.86180065412127,train
2390,-0.03256308339807861,train
2391,1.7244448885400971,train
2392,0.6553166127629084,train
2393,2.4922214615561624,train
2394,0.8097042206794384,train
2395,-1.1392747072740446,train
2396,-0.9812005524036405,train
2397,-1.7847200531948622,train
2398,-0.9560328558504675,train
2399,0.22531018296769564,train
2400,0.4543988591358327,train
2401,-0.5945402343014139,train
2402,-1.2762516585169792,train
2403,1.6615893220823452,train
2404,0.3875275626290168,train
2405,0.4500008141384216,train
2406,-4.53591094507748,train
2407,-3.005454745202341,train
2408,-1.1448321196644604,train
2409,-0.6697029135335174,train
2410,0.19519623082346357,train
2411,0.2763944868309247,train
2412,0.6894690026154334,train
2413,3.282425675067554,train
2414,0.9640594914269398,train
2415,-0.19162702168928825,train
2416,0.05125999956349989,train
2417,0.6542861834182714,train
2418,-0.6652400964939342,train
2419,0.2395571743196047,train
2420,-0.49645387799474294,train
2421,0.20960977515534332,train
2422,0.34533419057958575,train
2423,0.7092964842288211,train
2424,1.9271122802612217,train
2425,1.9450980633467476,train
2426,0.6630347017569994,train
2427,-1.5031708579993501,train
2428,-0.15282299938775423,train
2429,-1.4261998422707407,train
2430,-0.20916343439522142,train
2431,-0.013328108512606553,train
2432,-1.0673712447368087,train
2433,-2.552358497387832,train
2434,-2.4826837691638306,train
2435,-0.5147016718790853,train
2436,1.2203116650446222,train
2437,0.9575519661216383,train
2438,0.27466471921975744,train
2439,-0.6005015334832479,train
2440,-0.6971237608838449,test
2441,-0.2848831760471516,test
2442,-1.3394097517285792,test
2443,-1.8546257042177277,test
2444,-0.6329566355404215,test
2445,0.4780759442990228,test
2446,1.3028441517814895,test
2447,1.9400531786117972,test
2448,0.6030812030769603,test
2449,2.143293649770419,test
2450,1.2450708989463126,test
2451,-1.4700233487559922,test
2452,0.23068739317040343,test
2453,0.5283131903192924,test
2454,-1.2198619932225623,test
2455,-1.5785229717205025,test
2456,1.1309359149525922,test
2457,-2.21593216256508,test
2458,-2.3167049572263614,test
2459,-1.7541159413215268,test
2460,-1.003465429329351,test
2461,-1.7755158778394835,test
2462,0.9702922460498808,test
2463,3.4397886528947605,test
2464,1.9472742459131527,test
2465,-1.787334866304402,test
2466,-2.10972870390749,test
2467,-0.05170562769810607,test
2468,-0.1446607476148843,test
2469,1.5534697925867107,test
2470,0.338576491627421,test
2471,1.4971367769492105,test
2472,0.2780034657146034,test
2473,-0.3664257511081299,test
2474,1.5016414147128323,test
2475,-1.1904777937846798,test
2476,-1.2134199706771542,test
2477,-1.339782029652586,test
2478,-0.9450205622958514,test
2479,-2.387239965173921,test
2480,-4.129802981884717,test
2481,-2.1710379164797797,test
2482,-0.3381900516804349,test
2483,1.7635093060878144,test
2484,1.868064466989615,test
2485,1.1892603132540414,test
2486,1.8532193863395245,test
2487,-0.05056631727735451,test
2488,-0.33371888873331645,test
2489,-1.6537130516280723,test
2490,-0.3857667778112815,test
2491,0.6694573498483449,test
2492,-0.8227778947249851,test
2493,-0.8226399656699132,test
2494,-3.7081843756223214,test
2495,-5.105853077970633,test
2496,-2.4721818028045344,test
2497,-1.5571238923970845,test
2498,-2.0902185921558294,test
2499,-1.8049531017838134,test
